{
  "scene": "91afb9910b042f7185c2b8e4b6b24b5785dae4542617b3f8005b5492f6d123f7",
  "data_factor": 4,
  "intrinsics": {
    "w": 960,
    "h": 540,
    "fl_x": 420.7673267442699,
    "fl_y": 421.3504882076125,
    "cx": 480.0,
    "cy": 270.0,
    "k1": -0.0011429021655139967,
    "k2": 0.0001882706830654085,
    "p1": 0.00015052781771445083,
    "p2": -0.00027462975769737715,
    "camera_model": "OPENCV"
  },
  "num_training_frames": 16,
  "num_closeup_pairs": 4,
  "training_frames": [
    "frame_00006.png",
    "frame_00003.png",
    "frame_00005.png",
    "frame_00004.png",
    "frame_00078.png",
    "frame_00220.png",
    "frame_00042.png",
    "frame_00236.png",
    "frame_00062.png",
    "frame_00123.png",
    "frame_00185.png",
    "frame_00052.png",
    "frame_00111.png",
    "frame_00137.png",
    "frame_00226.png",
    "frame_00071.png"
  ],
  "closeup_eval_pairs": [
    {
      "training_frame": "frame_00006.png",
      "closeup_frame": "frame_00285.png",
      "depth_ratio": 2.2114,
      "iou": 0.66,
      "angle_deg": 32.5,
      "pair_score": 1.8626
    },
    {
      "training_frame": "frame_00003.png",
      "closeup_frame": "frame_00291.png",
      "depth_ratio": 2.0215,
      "iou": 0.6577,
      "angle_deg": 36.7,
      "pair_score": 1.6171
    },
    {
      "training_frame": "frame_00005.png",
      "closeup_frame": "frame_00286.png",
      "depth_ratio": 2.2623,
      "iou": 0.6678,
      "angle_deg": 32.7,
      "pair_score": 1.9308
    },
    {
      "training_frame": "frame_00004.png",
      "closeup_frame": "frame_00290.png",
      "depth_ratio": 2.1136,
      "iou": 0.6585,
      "angle_deg": 33.9,
      "pair_score": 1.7377
    }
  ],
  "closeup_poses": {
    "frame_00291.png": [
      [
        0.17744549871178983,
        -0.9821507693427971,
        -0.06239359956177988,
        0.38300230879618186
      ],
      [
        0.7962991271664611,
        0.18054405235371226,
        -0.5773313998334337,
        0.3877009077043184
      ],
      [
        0.5782912718179796,
        0.052760889293600385,
        0.8141225297828897,
        2.1187801829226265
      ],
      [
        0.0,
        0.0,
        0.0,
        1.0
      ]
    ],
    "frame_00290.png": [
      [
        0.18430705906220785,
        -0.9762453522627024,
        -0.113911896504765,
        0.3539827530187079
      ],
      [
        0.7726866593188361,
        0.21554546448057954,
        -0.5970724237917442,
        0.36239255383506686
      ],
      [
        0.6074423713329,
        0.022026459709260742,
        0.7940583105680209,
        1.98853849420729
      ],
      [
        0.0,
        0.0,
        0.0,
        1.0
      ]
    ],
    "frame_00286.png": [
      [
        0.18596236837522517,
        -0.9415487208624513,
        -0.2808985649492691,
        0.30366990153699475
      ],
      [
        0.7589993841613836,
        0.31920612136814397,
        -0.567474569407076,
        0.17250354627747153
      ],
      [
        0.6239694963625366,
        -0.10767292288866065,
        0.7739952256220286,
        1.6901889658340143
      ],
      [
        0.0,
        0.0,
        0.0,
        1.0
      ]
    ],
    "frame_00285.png": [
      [
        0.18419856514746358,
        -0.9337970261305576,
        -0.30674745734454295,
        0.29694600392253373
      ],
      [
        0.7667453418724228,
        0.3317767984961771,
        -0.5495686824197393,
        0.0784096186524371
      ],
      [
        0.6149572906426566,
        -0.13396742129844,
        0.7770973302721412,
        1.6303454744550323
      ],
      [
        0.0,
        0.0,
        0.0,
        1.0
      ]
    ]
  }
}