{
  "scene": "b6d1134cb03c855d246f916beaa2d3d01290cf47937a5176011ff39b850ec615",
  "data_factor": 4,
  "intrinsics": {
    "w": 960,
    "h": 540,
    "fl_x": 421.34071048397993,
    "fl_y": 422.16988806165534,
    "cx": 480.0,
    "cy": 270.0,
    "k1": -0.003912458364192046,
    "k2": 0.0010105387841866228,
    "p1": -0.00032010385403282533,
    "p2": 0.00046681998532772516,
    "camera_model": "OPENCV"
  },
  "num_training_frames": 16,
  "num_closeup_pairs": 2,
  "training_frames": [
    "frame_00207.png",
    "frame_00208.png",
    "frame_00113.png",
    "frame_00001.png",
    "frame_00081.png",
    "frame_00142.png",
    "frame_00223.png",
    "frame_00015.png",
    "frame_00095.png",
    "frame_00133.png",
    "frame_00238.png",
    "frame_00022.png",
    "frame_00089.png",
    "frame_00009.png",
    "frame_00103.png",
    "frame_00214.png"
  ],
  "closeup_eval_pairs": [
    {
      "training_frame": "frame_00207.png",
      "closeup_frame": "frame_00187.png",
      "depth_ratio": 2.0481,
      "iou": 0.6508,
      "angle_deg": 29.0,
      "pair_score": 1.7294
    },
    {
      "training_frame": "frame_00208.png",
      "closeup_frame": "frame_00049.png",
      "depth_ratio": 2.0269,
      "iou": 0.6548,
      "angle_deg": 42.1,
      "pair_score": 1.5853
    }
  ],
  "closeup_poses": {
    "frame_00187.png": [
      [
        0.01699823890643848,
        -0.9952887681326869,
        -0.09545327602025164,
        0.5571898298654434
      ],
      [
        0.8515897529948135,
        0.06443708317336846,
        -0.5202333658141707,
        0.832339638172387
      ],
      [
        0.5239331564887948,
        -0.072443980709422,
        0.848673033146842,
        1.1549557386264162
      ],
      [
        0.0,
        0.0,
        0.0,
        1.0
      ]
    ],
    "frame_00049.png": [
      [
        0.03260728181689292,
        -0.9739813147385812,
        -0.22427029164073067,
        -0.740099145495393
      ],
      [
        0.740776840872643,
        0.1741876946729155,
        -0.648774474722366,
        -0.18915462003522537
      ],
      [
        0.670959340943444,
        -0.1449794660103279,
        0.7271825886502646,
        0.30784234487965145
      ],
      [
        0.0,
        0.0,
        0.0,
        1.0
      ]
    ]
  }
}