{
  "scene": "d8de66037bd03dd0d39d54f9978bac3318d912e30e22c21e1ada82a98ed48c53",
  "data_factor": 4,
  "intrinsics": {
    "w": 960,
    "h": 540,
    "fl_x": 420.3818861644297,
    "fl_y": 418.19173074253763,
    "cx": 480.0,
    "cy": 270.0,
    "k1": -0.0016864363063882142,
    "k2": 0.00016447168041252249,
    "p1": -0.00031905606549591844,
    "p2": 0.0006298069852187024,
    "camera_model": "OPENCV"
  },
  "num_training_frames": 16,
  "num_closeup_pairs": 2,
  "training_frames": [
    "frame_00010.png",
    "frame_00224.png",
    "frame_00103.png",
    "frame_00144.png",
    "frame_00130.png",
    "frame_00249.png",
    "frame_00083.png",
    "frame_00122.png",
    "frame_00092.png",
    "frame_00233.png",
    "frame_00217.png",
    "frame_00138.png",
    "frame_00077.png",
    "frame_00004.png",
    "frame_00088.png",
    "frame_00245.png"
  ],
  "closeup_eval_pairs": [
    {
      "training_frame": "frame_00010.png",
      "closeup_frame": "frame_00188.png",
      "depth_ratio": 2.1224,
      "iou": 0.6501,
      "angle_deg": 25.6,
      "pair_score": 1.8836
    },
    {
      "training_frame": "frame_00224.png",
      "closeup_frame": "frame_00189.png",
      "depth_ratio": 2.4496,
      "iou": 0.6521,
      "angle_deg": 23.4,
      "pair_score": 2.152
    }
  ],
  "closeup_poses": {
    "frame_00188.png": [
      [
        0.10432886847707572,
        -0.9931267060417271,
        -0.05305499928377814,
        0.44089931795184534
      ],
      [
        0.4030871662845977,
        -0.006544007104312941,
        0.9151381930329822,
        0.9265145893401895
      ],
      [
        -0.9091953715120561,
        -0.1168611214978162,
        0.3996339008434175,
        -0.5682834242904302
      ],
      [
        0.0,
        0.0,
        0.0,
        1.0
      ]
    ],
    "frame_00189.png": [
      [
        0.11016110127816882,
        -0.9934395137985564,
        -0.030699579620389255,
        0.4248647625968313
      ],
      [
        0.370636401298651,
        0.012400513471627713,
        0.9286952596508854,
        1.0598119886385071
      ],
      [
        -0.9222218766639438,
        -0.11368447426683893,
        0.3695709005226278,
        -0.672468004329096
      ],
      [
        0.0,
        0.0,
        0.0,
        1.0
      ]
    ]
  }
}