{
  "scene": "d9b6376623741313bf6da6bf4cdb9828be614a2ce9390ceb3f31cd535d661a75",
  "data_factor": 4,
  "intrinsics": {
    "w": 960,
    "h": 540,
    "fl_x": 436.2642143062868,
    "fl_y": 436.3641414852004,
    "cx": 480.0,
    "cy": 270.0,
    "k1": 0.029434065181677876,
    "k2": -0.028134703066122122,
    "p1": 0.00023397583677030537,
    "p2": 0.001738053250982871,
    "camera_model": "OPENCV"
  },
  "num_training_frames": 16,
  "num_closeup_pairs": 3,
  "training_frames": [
    "frame_00168.png",
    "frame_00166.png",
    "frame_00169.png",
    "frame_00085.png",
    "frame_00133.png",
    "frame_00116.png",
    "frame_00190.png",
    "frame_00076.png",
    "frame_00124.png",
    "frame_00177.png",
    "frame_00159.png",
    "frame_00014.png",
    "frame_00104.png",
    "frame_00111.png",
    "frame_00001.png",
    "frame_00064.png"
  ],
  "closeup_eval_pairs": [
    {
      "training_frame": "frame_00168.png",
      "closeup_frame": "frame_00319.png",
      "depth_ratio": 2.1409,
      "iou": 0.6672,
      "angle_deg": 19.2,
      "pair_score": 1.8646
    },
    {
      "training_frame": "frame_00166.png",
      "closeup_frame": "frame_00320.png",
      "depth_ratio": 2.0266,
      "iou": 0.712,
      "angle_deg": 15.2,
      "pair_score": 1.89
    },
    {
      "training_frame": "frame_00169.png",
      "closeup_frame": "frame_00321.png",
      "depth_ratio": 2.0079,
      "iou": 0.7423,
      "angle_deg": 24.5,
      "pair_score": 1.88
    }
  ],
  "closeup_poses": {
    "frame_00319.png": [
      [
        -0.09870229358055074,
        -0.9899943248858455,
        0.10084192548616681,
        -0.07434257877573139
      ],
      [
        0.9809755374787792,
        -0.07977546855459074,
        0.176982681314065,
        -0.299360231925885
      ],
      [
        -0.16716713824839846,
        0.11639205862392138,
        0.9790342366736348,
        0.47634919457721203
      ],
      [
        0.0,
        0.0,
        0.0,
        1.0
      ]
    ],
    "frame_00320.png": [
      [
        -0.10347323992238727,
        -0.9899237787507981,
        0.09666540686152983,
        -0.05431246589449634
      ],
      [
        0.9772319804623795,
        -0.08308247841583623,
        0.19523052564047913,
        -0.18661429804589896
      ],
      [
        -0.1852321380903966,
        0.11466566200926555,
        0.9759819880379129,
        0.5838047797282213
      ],
      [
        0.0,
        0.0,
        0.0,
        1.0
      ]
    ],
    "frame_00321.png": [
      [
        -0.10267151578436581,
        -0.9915965220352669,
        0.07870767010973641,
        -0.015379528822486202
      ],
      [
        0.9701884527213468,
        -0.08236326386110694,
        0.2279268719837681,
        -0.050928053716884955
      ],
      [
        -0.21952887293634085,
        0.09976287011562993,
        0.970491856582832,
        0.7127181602861108
      ],
      [
        0.0,
        0.0,
        0.0,
        1.0
      ]
    ]
  }
}