{
  "scene": "ddfdcfdf02d53dd89a055cd9e1ed30272ab3f57c7560ac2c3761bb01d76a7882",
  "data_factor": 4,
  "intrinsics": {
    "w": 960,
    "h": 540,
    "fl_x": 420.591345852205,
    "fl_y": 421.67928294510637,
    "cx": 480.0,
    "cy": 270.0,
    "k1": -0.00274264127209928,
    "k2": 0.0008957276503794434,
    "p1": -0.0002093856945265557,
    "p2": 0.0007674224747700634,
    "camera_model": "OPENCV"
  },
  "num_training_frames": 16,
  "num_closeup_pairs": 3,
  "training_frames": [
    "frame_00256.png",
    "frame_00254.png",
    "frame_00255.png",
    "frame_00115.png",
    "frame_00033.png",
    "frame_00228.png",
    "frame_00146.png",
    "frame_00009.png",
    "frame_00101.png",
    "frame_00022.png",
    "frame_00136.png",
    "frame_00244.png",
    "frame_00095.png",
    "frame_00016.png",
    "frame_00001.png",
    "frame_00236.png"
  ],
  "closeup_eval_pairs": [
    {
      "training_frame": "frame_00256.png",
      "closeup_frame": "frame_00204.png",
      "depth_ratio": 2.0198,
      "iou": 0.666,
      "angle_deg": 19.9,
      "pair_score": 1.7325
    },
    {
      "training_frame": "frame_00254.png",
      "closeup_frame": "frame_00168.png",
      "depth_ratio": 2.005,
      "iou": 0.6521,
      "angle_deg": 57.9,
      "pair_score": 1.3321
    },
    {
      "training_frame": "frame_00255.png",
      "closeup_frame": "frame_00077.png",
      "depth_ratio": 2.063,
      "iou": 0.656,
      "angle_deg": 48.5,
      "pair_score": 1.5011
    }
  ],
  "closeup_poses": {
    "frame_00204.png": [
      [
        0.12158878618413743,
        -0.9775207447386481,
        0.1722479627742139,
        0.1035508456513601
      ],
      [
        0.7943069518113061,
        -0.008240294355332528,
        -0.6074607508746295,
        -2.211163262751168
      ],
      [
        0.5952248595098322,
        0.21067816962024408,
        0.7754495956972084,
        -0.45845811360498534
      ],
      [
        0.0,
        0.0,
        0.0,
        1.0
      ]
    ],
    "frame_00168.png": [
      [
        -0.008933147523028467,
        -0.9754438997461127,
        0.22006680195665052,
        0.5099124358806234
      ],
      [
        0.9995719848268335,
        -0.002579726967619693,
        0.02914090180686386,
        1.5677445984732221
      ],
      [
        -0.027857602636920428,
        0.22023293000109764,
        0.9750494400380194,
        0.7173263406721635
      ],
      [
        0.0,
        0.0,
        0.0,
        1.0
      ]
    ],
    "frame_00077.png": [
      [
        0.0405196118638815,
        -0.9991764742359984,
        0.002129410181033268,
        -0.1046804010080517
      ],
      [
        0.9883343242270786,
        0.03976661340009021,
        -0.14701659774763984,
        1.9636155158603292
      ],
      [
        0.14681084636021943,
        0.008061624650556539,
        0.9891317331877435,
        1.3858629006603926
      ],
      [
        0.0,
        0.0,
        0.0,
        1.0
      ]
    ]
  }
}